Workbook

Sheet Configuration
A1: Parameter | B1: Value | C1: Description
A2: Exec Time per Job (Mins) | B2: 30 | C2: Avg time to run CTRL-M job & monitor log
A3: Valid Time per Table (Mins) | B3: 45 | C3: Avg time to run Snowpark comparator & verify
A4: Number of Testers | B4: 2 | C4: Number of resources assigned
A5: Productive Hours/Day | B5: 6.5 | C5: Hours available for testing (minus meetings)
A6: Defect Buffer | B6: 0.2 | C6: Contingency for bugs/re-runs
A7: Env Setup Lag (Days) | B7: 5 | C7: Days needed to finish the 5 pre-reqs

Sheet Scope 2 Plan
A1: Scope | B1: Trigram | C1: Start Date | D1: Ctrl-M Jobs | E1: Tgt Tables | F1: Raw Effort (Hrs) | G1: Total Effort w/ Buffer | H1: Days Needed | I1: Env Ready Date | J1: Est. Completion Date | K1: Risk Level | L1: Jobs Completed | M1: Tables Verified | N1: Total Progress % | O1: Assigned Tester | P1: =C2 -> 45960 | Q1: =P1+1 -> 45961 | R1: =Q1+1 -> 45962 | S1: =R1+1 -> 45963 | T1: =S1+1 -> 45964 | U1: =T1+1 -> 45965 | V1: =U1+1 -> 45966 | W1: =V1+1 -> 45967 | X1: =W1+1 -> 45968 | ... AZ1: =AY1+1 -> 45996
A2: 2 | B2: BVN | C2: 45960 | D2: 54 | E2: 52 | F2: =((D2*Configuration!$B$2) + (E2*Configuration!$B$3))/60 -> 66 | G2: =F2*(1+Configuration!$B$6) -> 79.2 | H2: =G2/(Configuration!$B$4 * Configuration!$B$5) -> 6.0923077 | I2: =WORKDAY(C2, Configuration!$B$7) -> 45967 | J2: =WORKDAY(I2, H2) -> 45975 | K2: =IF(H2>20, "CRITICAL", IF(H2>10, "HIGH", "LOW")) -> LOW | L2: 1 | M2: 2 | N2: =IF((D2+E2)=0, 0, (L2+M2)/(D2+E2)) -> 0.028301887 | O2: T1
A3: 2 | B3: CLS | C3: 45961 | D3: 6 | E3: 20 | F3: =((D3*Configuration!$B$2) + (E3*Configuration!$B$3))/60 -> 18 | G3: =F3*(1+Configuration!$B$6) -> 21.6 | H3: =G3/(Configuration!$B$4 * Configuration!$B$5) -> 1.6615385 | I3: =WORKDAY(C3, Configuration!$B$7) -> 45968 | J3: =WORKDAY(I3, H3) -> 45971 | K3: =IF(H3>20, "CRITICAL", IF(H3>10, "HIGH", "LOW")) -> LOW | L3: 1 | M3: 2 | N3: =IF((D3+E3)=0, 0, (L3+M3)/(D3+E3)) -> 0.11538462 | O3: T7
A4: 2 | B4: EXR | C4: 45962 | D4: 0 | E4: 1 | F4: =((D4*Configuration!$B$2) + (E4*Configuration!$B$3))/60 -> 0.75 | G4: =F4*(1+Configuration!$B$6) -> 0.9 | H4: =G4/(Configuration!$B$4 * Configuration!$B$5) -> 0.069230769 | I4: =WORKDAY(C4, Configuration!$B$7) -> 45968 | J4: =WORKDAY(I4, H4) -> 45968 | K4: =IF(H4>20, "CRITICAL", IF(H4>10, "HIGH", "LOW")) -> LOW | L4: 0 | M4: 1 | N4: =IF((D4+E4)=0, 0, (L4+M4)/(D4+E4)) -> 1 | O4: T8
A5: 2 | B5: GUA | C5: 45963 | D5: 8 | E5: 19 | F5: =((D5*Configuration!$B$2) + (E5*Configuration!$B$3))/60 -> 18.25 | G5: =F5*(1+Configuration!$B$6) -> 21.9 | H5: =G5/(Configuration!$B$4 * Configuration!$B$5) -> 1.6846154 | I5: =WORKDAY(C5, Configuration!$B$7) -> 45968 | J5: =WORKDAY(I5, H5) -> 45971 | K5: =IF(H5>20, "CRITICAL", IF(H5>10, "HIGH", "LOW")) -> LOW | L5: 1 | M5: 2 | N5: =IF((D5+E5)=0, 0, (L5+M5)/(D5+E5)) -> 0.11111111 | O5: T6
A6: 2 | B6: HTR | C6: 45964 | D6: 73 | E6: 46 | F6: =((D6*Configuration!$B$2) + (E6*Configuration!$B$3))/60 -> 71 | G6: =F6*(1+Configuration!$B$6) -> 85.2 | H6: =G6/(Configuration!$B$4 * Configuration!$B$5) -> 6.5538462 | I6: =WORKDAY(C6, Configuration!$B$7) -> 45971 | J6: =WORKDAY(I6, H6) -> 45979 | K6: =IF(H6>20, "CRITICAL", IF(H6>10, "HIGH", "LOW")) -> LOW | L6: 1 | M6: 2 | N6: =IF((D6+E6)=0, 0, (L6+M6)/(D6+E6)) -> 0.025210084 | O6: T2
A7: 2 | B7: MPI | C7: 45965 | D7: 1 | E7: 2 | F7: =((D7*Configuration!$B$2) + (E7*Configuration!$B$3))/60 -> 2 | G7: =F7*(1+Configuration!$B$6) -> 2.4 | H7: =G7/(Configuration!$B$4 * Configuration!$B$5) -> 0.18461538 | I7: =WORKDAY(C7, Configuration!$B$7) -> 45972 | J7: =WORKDAY(I7, H7) -> 45972 | K7: =IF(H7>20, "CRITICAL", IF(H7>10, "HIGH", "LOW")) -> LOW | L7: 1 | M7: 2 | N7: =IF((D7+E7)=0, 0, (L7+M7)/(D7+E7)) -> 1 | O7: T7 (Queue)
A8: 2 | B8: OBR | C8: 45966 | D8: 1 | E8: 1 | F8: =((D8*Configuration!$B$2) + (E8*Configuration!$B$3))/60 -> 1.25 | G8: =F8*(1+Configuration!$B$6) -> 1.5 | H8: =G8/(Configuration!$B$4 * Configuration!$B$5) -> 0.11538462 | I8: =WORKDAY(C8, Configuration!$B$7) -> 45973 | J8: =WORKDAY(I8, H8) -> 45973 | K8: =IF(H8>20, "CRITICAL", IF(H8>10, "HIGH", "LOW")) -> LOW | L8: 1 | M8: 2 | N8: =IF((D8+E8)=0, 0, (L8+M8)/(D8+E8)) -> 1.5 | O8: T6 (Queue)
A9: 2 | B9: PYC | C9: 45967 | D9: 121 | E9: 210 | F9: =((D9*Configuration!$B$2) + (E9*Configuration!$B$3))/60 -> 218 | G9: =F9*(1+Configuration!$B$6) -> 261.6 | H9: =G9/(Configuration!$B$4 * Configuration!$B$5) -> 20.123077 | I9: =WORKDAY(C9, Configuration!$B$7) -> 45974 | J9: =WORKDAY(I9, H9) -> 46002 | K9: =IF(H9>20, "CRITICAL", IF(H9>10, "HIGH", "LOW")) -> CRITICAL | L9: 1 | M9: 2 | N9: =IF((D9+E9)=0, 0, (L9+M9)/(D9+E9)) -> 0.0090634441 | O9: T1
A10: 2 | B10: SHP | C10: 45968 | D10: 25 | E10: 54 | F10: =((D10*Configuration!$B$2) + (E10*Configuration!$B$3))/60 -> 53 | G10: =F10*(1+Configuration!$B$6) -> 63.6 | H10: =G10/(Configuration!$B$4 * Configuration!$B$5) -> 4.8923077 | I10: =WORKDAY(C10, Configuration!$B$7) -> 45975 | J10: =WORKDAY(I10, H10) -> 45981 | K10: =IF(H10>20, "CRITICAL", IF(H10>10, "HIGH", "LOW")) -> LOW | L10: 1 | M10: 2 | N10: =IF((D10+E10)=0, 0, (L10+M10)/(D10+E10)) -> 0.037974684 | O10: T3
A11: 2 | B11: TRT | C11: 45969 | D11: 3 | E11: 55 | F11: =((D11*Configuration!$B$2) + (E11*Configuration!$B$3))/60 -> 42.75 | G11: =F11*(1+Configuration!$B$6) -> 51.3 | H11: =G11/(Configuration!$B$4 * Configuration!$B$5) -> 3.9461538 | I11: =WORKDAY(C11, Configuration!$B$7) -> 45975 | J11: =WORKDAY(I11, H11) -> 45980 | K11: =IF(H11>20, "CRITICAL", IF(H11>10, "HIGH", "LOW")) -> LOW | L11: 1 | M11: 2 | N11: =IF((D11+E11)=0, 0, (L11+M11)/(D11+E11)) -> 0.051724138 | O11: T8 (Queue)
A12: 2 | B12: ULF | C12: 45970 | D12: 12 | E12: 36 | F12: =((D12*Configuration!$B$2) + (E12*Configuration!$B$3))/60 -> 33 | G12: =F12*(1+Configuration!$B$6) -> 39.6 | H12: =G12/(Configuration!$B$4 * Configuration!$B$5) -> 3.0461538 | I12: =WORKDAY(C12, Configuration!$B$7) -> 45975 | J12: =WORKDAY(I12, H12) -> 45980 | K12: =IF(H12>20, "CRITICAL", IF(H12>10, "HIGH", "LOW")) -> LOW | L12: 1 | M12: 2 | N12: =IF((D12+E12)=0, 0, (L12+M12)/(D12+E12)) -> 0.0625 | O12: T5
A13: 2 | B13: CNE | C13: 45971 | D13: 0 | E13: 0 | F13: =((D13*Configuration!$B$2) + (E13*Configuration!$B$3))/60 -> 0 | G13: =F13*(1+Configuration!$B$6) -> 0 | H13: =G13/(Configuration!$B$4 * Configuration!$B$5) -> 0 | I13: =WORKDAY(C13, Configuration!$B$7) -> 45978 | J13: =WORKDAY(I13, H13) -> 45978 | K13: =IF(H13>20, "CRITICAL", IF(H13>10, "HIGH", "LOW")) -> LOW | L13: 1 | M13: 2 | N13: =IF((D13+E13)=0, 0, (L13+M13)/(D13+E13)) -> 0 | O13: TBD

Sheet Readiness Tracker
A1: Trigram | B1: 1. Linux VM | C1: 2. CTRL-M Config | D1: 3. Data Copy | E1: 4. Code Deploy | F1: 5. Comparator | G1: STATUS | H1: Owner
A2: BVN | B2: No | C2: No | D2: No | E2: No | F2: No | G2: =IF(COUNTIF(B2:F2,"Yes")=5, "GO", "BLOCKED") -> BLOCKED
A3: CLS | B3: No | C3: No | D3: No | E3: No | F3: No | G3: =IF(COUNTIF(B3:F3,"Yes")=5, "GO", "BLOCKED") -> BLOCKED
A4: EXR | B4: No | C4: No | D4: No | E4: No | F4: No | G4: =IF(COUNTIF(B4:F4,"Yes")=5, "GO", "BLOCKED") -> BLOCKED
A5: GUA | B5: No | C5: No | D5: No | E5: No | F5: No | G5: =IF(COUNTIF(B5:F5,"Yes")=5, "GO", "BLOCKED") -> BLOCKED
A6: HTR | B6: No | C6: No | D6: No | E6: No | F6: No | G6: =IF(COUNTIF(B6:F6,"Yes")=5, "GO", "BLOCKED") -> BLOCKED
A7: MPI | B7: No | C7: No | D7: No | E7: No | F7: No | G7: =IF(COUNTIF(B7:F7,"Yes")=5, "GO", "BLOCKED") -> BLOCKED
A8: OBR | B8: No | C8: No | D8: No | E8: No | F8: No | G8: =IF(COUNTIF(B8:F8,"Yes")=5, "GO", "BLOCKED") -> BLOCKED
A9: PYC | B9: No | C9: No | D9: No | E9: No | F9: No | G9: =IF(COUNTIF(B9:F9,"Yes")=5, "GO", "BLOCKED") -> BLOCKED
A10: SHP | B10: No | C10: No | D10: No | E10: No | F10: No | G10: =IF(COUNTIF(B10:F10,"Yes")=5, "GO", "BLOCKED") -> BLOCKED
A11: TRT | B11: No | C11: No | D11: No | E11: No | F11: No | G11: =IF(COUNTIF(B11:F11,"Yes")=5, "GO", "BLOCKED") -> BLOCKED
A12: ULF | B12: No | C12: No | D12: No | E12: No | F12: No | G12: =IF(COUNTIF(B12:F12,"Yes")=5, "GO", "BLOCKED") -> BLOCKED
A13: CNE | B13: No | C13: No | D13: No | E13: No | F13: No | G13: =IF(COUNTIF(B13:F13,"Yes")=5, "GO", "BLOCKED") -> BLOCKED
