Workbook
Name rng_TemplateMode: [1]Setup!$K$20
Name rngCategories: [1]Calculations!$K$14:$K$19

Sheet Dashboard
C1: Please Select a Project to View Related Tasks & Gantt: | K1: All Projects | L1: =IFERROR(VLOOKUP(K1,Projects!B5:C15,2,FALSE)&" Tasks Found","<< Please Select a Project") -> 80 Tasks Found | S1: Gantt. Scroll | Z1: 0
C2: Dashboard | J2: Task ID | K2: Top Tasks | L2: Responsible | M2: Start Date | N2: End Date | O2: Days Req. | P2: Status | Q2: Days Comp. | R2: Project | S2: =G10+Z1 -> 45662 | T2: =S2+1 -> 45663 | U2: =T2+1 -> 45664 | V2: =U2+1 -> 45665 | W2: =V2+1 -> 45666 | X2: =W2+1 -> 45667 | Y2: =X2+1 -> 45668 | Z2: =Y2+1 -> 45669 | AA2: =Z2+1 -> 45670 | ... AH2: =AG2+1 -> 45677
I3: 0 | J3: =IFERROR(IF(K1=Projects!B5,0,MATCH(K1,Tasks!B:B,0)-2)+I3,G18) -> 0 | K3: 0 | L3: 1 | M3: 2 | N3: 4 | O3: 3 | P3: 4 | R3: -1
J4: {=IFERROR(IF(FNAT_rng_Project="All Projects",ROW()-3,INDEX(ROW(FNAT_rng_Tasks),SMALL(IF(FNAT_rng_Tasks=FNAT_rng_Project,ROW(FNAT_rng_Tasks)-ROW(INDEX(FNAT_rng_Tasks,1,1))+1),ROW()-3))-1),0)} -> 1 | K4: =IF(J4=0,"",IF(AND($K$1<>"All Projects",$K$1<>R4),0,OFFSET(Tasks!$C$1,Dashboard!$J4,Dashboard!K$3))) -> Project 1 - Task 1 | L4: =IF(J4=0,"",OFFSET(Tasks!$C$1,Dashboard!$J4,Dashboard!L$3)) -> Person 1 | M4: =IF(J4=0,"",OFFSET(Tasks!$C$1,Dashboard!$J4,Dashboard!M$3)) -> 45666 | N4: =IF(J4=0,"",M4+O4-1) -> 45685 | O4: =IF(J4=0,"",OFFSET(Tasks!$C$1,Dashboard!$J4,Dashboard!O$3)) -> 20 | P4: =IF(J4=0,"",OFFSET(Tasks!$C$1,Dashboard!$J4,Dashboard!P$3)) -> 1 | Q4: =IF(J4=0,"",O4*P4) -> 20 | R4: =OFFSET(Tasks!$C$1,Dashboard!$J4,Dashboard!R$3) -> Project 1
E5: Overall Progress | J5: {=IFERROR(IF(FNAT_rng_Project="All Projects",ROW()-3,INDEX(ROW(FNAT_rng_Tasks),SMALL(IF(FNAT_rng_Tasks=FNAT_rng_Project,ROW(FNAT_rng_Tasks)-ROW(INDEX(FNAT_rng_Tasks,1,1))+1),ROW()-3))-1),0)} -> 2 | K5: =IF(J5=0,"",IF(AND($K$1<>"All Projects",$K$1<>R5),0,OFFSET(Tasks!$C$1,Dashboard!$J5,Dashboard!K$3))) -> Project 3 - Task 1 | L5: =IF(J5=0,"",OFFSET(Tasks!$C$1,Dashboard!$J5,Dashboard!L$3)) -> Person 2 | M5: =IF(J5=0,"",OFFSET(Tasks!$C$1,Dashboard!$J5,Dashboard!M$3)) -> 45667 | N5: =IF(J5=0,"",M5+O5-1) -> 45672 | O5: =IF(J5=0,"",OFFSET(Tasks!$C$1,Dashboard!$J5,Dashboard!O$3)) -> 6 | P5: =IF(J5=0,"",OFFSET(Tasks!$C$1,Dashboard!$J5,Dashboard!P$3)) -> 0.4 | Q5: =IF(J5=0,"",O5*P5) -> 2.4 | R5: =OFFSET(Tasks!$C$1,Dashboard!$J5,Dashboard!R$3) -> Project 1
J6: {=IFERROR(IF(FNAT_rng_Project="All Projects",ROW()-3,INDEX(ROW(FNAT_rng_Tasks),SMALL(IF(FNAT_rng_Tasks=FNAT_rng_Project,ROW(FNAT_rng_Tasks)-ROW(INDEX(FNAT_rng_Tasks,1,1))+1),ROW()-3))-1),0)} -> 3 | K6: =IF(J6=0,"",IF(AND($K$1<>"All Projects",$K$1<>R6),0,OFFSET(Tasks!$C$1,Dashboard!$J6,Dashboard!K$3))) -> Project 1 - Task 2 | L6: =IF(J6=0,"",OFFSET(Tasks!$C$1,Dashboard!$J6,Dashboard!L$3)) -> Person 3 | M6: =IF(J6=0,"",OFFSET(Tasks!$C$1,Dashboard!$J6,Dashboard!M$3)) -> 45668 | N6: =IF(J6=0,"",M6+O6-1) -> 45677 | O6: =IF(J6=0,"",OFFSET(Tasks!$C$1,Dashboard!$J6,Dashboard!O$3)) -> 10 | P6: =IF(J6=0,"",OFFSET(Tasks!$C$1,Dashboard!$J6,Dashboard!P$3)) -> 0.45 | Q6: =IF(J6=0,"",O6*P6) -> 4.5 | R6: =OFFSET(Tasks!$C$1,Dashboard!$J6,Dashboard!R$3) -> Project 1
J7: {=IFERROR(IF(FNAT_rng_Project="All Projects",ROW()-3,INDEX(ROW(FNAT_rng_Tasks),SMALL(IF(FNAT_rng_Tasks=FNAT_rng_Project,ROW(FNAT_rng_Tasks)-ROW(INDEX(FNAT_rng_Tasks,1,1))+1),ROW()-3))-1),0)} -> 4 | K7: =IF(J7=0,"",IF(AND($K$1<>"All Projects",$K$1<>R7),0,OFFSET(Tasks!$C$1,Dashboard!$J7,Dashboard!K$3))) -> Project 1 - Task 3 | L7: =IF(J7=0,"",OFFSET(Tasks!$C$1,Dashboard!$J7,Dashboard!L$3)) -> Person 4 | M7: =IF(J7=0,"",OFFSET(Tasks!$C$1,Dashboard!$J7,Dashboard!M$3)) -> 45671 | N7: =IF(J7=0,"",M7+O7-1) -> 45679 | O7: =IF(J7=0,"",OFFSET(Tasks!$C$1,Dashboard!$J7,Dashboard!O$3)) -> 9 | P7: =IF(J7=0,"",OFFSET(Tasks!$C$1,Dashboard!$J7,Dashboard!P$3)) -> 0.85 | Q7: =IF(J7=0,"",O7*P7) -> 7.65 | R7: =OFFSET(Tasks!$C$1,Dashboard!$J7,Dashboard!R$3) -> Project 1
J8: {=IFERROR(IF(FNAT_rng_Project="All Projects",ROW()-3,INDEX(ROW(FNAT_rng_Tasks),SMALL(IF(FNAT_rng_Tasks=FNAT_rng_Project,ROW(FNAT_rng_Tasks)-ROW(INDEX(FNAT_rng_Tasks,1,1))+1),ROW()-3))-1),0)} -> 5 | K8: =IF(J8=0,"",IF(AND($K$1<>"All Projects",$K$1<>R8),0,OFFSET(Tasks!$C$1,Dashboard!$J8,Dashboard!K$3))) -> Project 1 - Task 4 | L8: =IF(J8=0,"",OFFSET(Tasks!$C$1,Dashboard!$J8,Dashboard!L$3)) -> Person 5 | M8: =IF(J8=0,"",OFFSET(Tasks!$C$1,Dashboard!$J8,Dashboard!M$3)) -> 45667 | N8: =IF(J8=0,"",M8+O8-1) -> 45696 | O8: =IF(J8=0,"",OFFSET(Tasks!$C$1,Dashboard!$J8,Dashboard!O$3)) -> 30 | P8: =IF(J8=0,"",OFFSET(Tasks!$C$1,Dashboard!$J8,Dashboard!P$3)) -> 0.45 | Q8: =IF(J8=0,"",O8*P8) -> 13.5 | R8: =OFFSET(Tasks!$C$1,Dashboard!$J8,Dashboard!R$3) -> Project 1
J9: {=IFERROR(IF(FNAT_rng_Project="All Projects",ROW()-3,INDEX(ROW(FNAT_rng_Tasks),SMALL(IF(FNAT_rng_Tasks=FNAT_rng_Project,ROW(FNAT_rng_Tasks)-ROW(INDEX(FNAT_rng_Tasks,1,1))+1),ROW()-3))-1),0)} -> 6 | K9: =IF(J9=0,"",IF(AND($K$1<>"All Projects",$K$1<>R9),0,OFFSET(Tasks!$C$1,Dashboard!$J9,Dashboard!K$3))) -> Project 1 - Task 5 | L9: =IF(J9=0,"",OFFSET(Tasks!$C$1,Dashboard!$J9,Dashboard!L$3)) -> Person 1 | M9: =IF(J9=0,"",OFFSET(Tasks!$C$1,Dashboard!$J9,Dashboard!M$3)) -> 45670 | N9: =IF(J9=0,"",M9+O9-1) -> 45681 | O9: =IF(J9=0,"",OFFSET(Tasks!$C$1,Dashboard!$J9,Dashboard!O$3)) -> 12 | P9: =IF(J9=0,"",OFFSET(Tasks!$C$1,Dashboard!$J9,Dashboard!P$3)) -> 0.8 | Q9: =IF(J9=0,"",O9*P9) -> 9.6 | R9: =OFFSET(Tasks!$C$1,Dashboard!$J9,Dashboard!R$3) -> Project 1
E10: Start Date | G10: =VLOOKUP(Dashboard!K1,Projects!B4:G15,3,FALSE) -> 45662 | J10: {=IFERROR(IF(FNAT_rng_Project="All Projects",ROW()-3,INDEX(ROW(FNAT_rng_Tasks),SMALL(IF(FNAT_rng_Tasks=FNAT_rng_Project,ROW(FNAT_rng_Tasks)-ROW(INDEX(FNAT_rng_Tasks,1,1))+1),ROW()-3))-1),0)} -> 7 | K10: =IF(J10=0,"",IF(AND($K$1<>"All Projects",$K$1<>R10),0,OFFSET(Tasks!$C$1,Dashboard!$J10,Dashboard!K$3))) -> Project 1 - Task 6 | L10: =IF(J10=0,"",OFFSET(Tasks!$C$1,Dashboard!$J10,Dashboard!L$3)) -> Person 2 | M10: =IF(J10=0,"",OFFSET(Tasks!$C$1,Dashboard!$J10,Dashboard!M$3)) -> 45670 | N10: =IF(J10=0,"",M10+O10-1) -> 45712 | O10: =IF(J10=0,"",OFFSET(Tasks!$C$1,Dashboard!$J10,Dashboard!O$3)) -> 43 | P10: =IF(J10=0,"",OFFSET(Tasks!$C$1,Dashboard!$J10,Dashboard!P$3)) -> 0.1 | Q10: =IF(J10=0,"",O10*P10) -> 4.3 | R10: =OFFSET(Tasks!$C$1,Dashboard!$J10,Dashboard!R$3) -> Project 1
E11: End Date | G11: =VLOOKUP(Dashboard!K1,Projects!B4:G15,4,FALSE) -> 45724 | J11: {=IFERROR(IF(FNAT_rng_Project="All Projects",ROW()-3,INDEX(ROW(FNAT_rng_Tasks),SMALL(IF(FNAT_rng_Tasks=FNAT_rng_Project,ROW(FNAT_rng_Tasks)-ROW(INDEX(FNAT_rng_Tasks,1,1))+1),ROW()-3))-1),0)} -> 8 | K11: =IF(J11=0,"",IF(AND($K$1<>"All Projects",$K$1<>R11),0,OFFSET(Tasks!$C$1,Dashboard!$J11,Dashboard!K$3))) -> Project 1 - Task 7 | L11: =IF(J11=0,"",OFFSET(Tasks!$C$1,Dashboard!$J11,Dashboard!L$3)) -> Person 3 | M11: =IF(J11=0,"",OFFSET(Tasks!$C$1,Dashboard!$J11,Dashboard!M$3)) -> 45672 | N11: =IF(J11=0,"",M11+O11-1) -> 45694 | O11: =IF(J11=0,"",OFFSET(Tasks!$C$1,Dashboard!$J11,Dashboard!O$3)) -> 23 | P11: =IF(J11=0,"",OFFSET(Tasks!$C$1,Dashboard!$J11,Dashboard!P$3)) -> 0.5 | Q11: =IF(J11=0,"",O11*P11) -> 11.5 | R11: =OFFSET(Tasks!$C$1,Dashboard!$J11,Dashboard!R$3) -> Project 1
E12: Overall Progress | G12: =IFERROR(VLOOKUP(Dashboard!K1,Projects!B4:G15,6,FALSE),"") -> 0.488125 | J12: {=IFERROR(IF(FNAT_rng_Project="All Projects",ROW()-3,INDEX(ROW(FNAT_rng_Tasks),SMALL(IF(FNAT_rng_Tasks=FNAT_rng_Project,ROW(FNAT_rng_Tasks)-ROW(INDEX(FNAT_rng_Tasks,1,1))+1),ROW()-3))-1),0)} -> 9 | K12: =IF(J12=0,"",IF(AND($K$1<>"All Projects",$K$1<>R12),0,OFFSET(Tasks!$C$1,Dashboard!$J12,Dashboard!K$3))) -> Project 1 - Task 8 | L12: =IF(J12=0,"",OFFSET(Tasks!$C$1,Dashboard!$J12,Dashboard!L$3)) -> Person 4 | M12: =IF(J12=0,"",OFFSET(Tasks!$C$1,Dashboard!$J12,Dashboard!M$3)) -> 45672 | N12: =IF(J12=0,"",M12+O12-1) -> 45680 | O12: =IF(J12=0,"",OFFSET(Tasks!$C$1,Dashboard!$J12,Dashboard!O$3)) -> 9 | P12: =IF(J12=0,"",OFFSET(Tasks!$C$1,Dashboard!$J12,Dashboard!P$3)) -> 0.1 | Q12: =IF(J12=0,"",O12*P12) -> 0.9 | R12: =OFFSET(Tasks!$C$1,Dashboard!$J12,Dashboard!R$3) -> Project 1
G13: =1-G12 -> 0.511875 | J13: {=IFERROR(IF(FNAT_rng_Project="All Projects",ROW()-3,INDEX(ROW(FNAT_rng_Tasks),SMALL(IF(FNAT_rng_Tasks=FNAT_rng_Project,ROW(FNAT_rng_Tasks)-ROW(INDEX(FNAT_rng_Tasks,1,1))+1),ROW()-3))-1),0)} -> 10 | K13: =IF(J13=0,"",IF(AND($K$1<>"All Projects",$K$1<>R13),0,OFFSET(Tasks!$C$1,Dashboard!$J13,Dashboard!K$3))) -> Project 1 - Task 9 | L13: =IF(J13=0,"",OFFSET(Tasks!$C$1,Dashboard!$J13,Dashboard!L$3)) -> Person 5 | M13: =IF(J13=0,"",OFFSET(Tasks!$C$1,Dashboard!$J13,Dashboard!M$3)) -> 45673 | N13: =IF(J13=0,"",M13+O13-1) -> 45678 | O13: =IF(J13=0,"",OFFSET(Tasks!$C$1,Dashboard!$J13,Dashboard!O$3)) -> 6 | P13: =IF(J13=0,"",OFFSET(Tasks!$C$1,Dashboard!$J13,Dashboard!P$3)) -> 0.3 | Q13: =IF(J13=0,"",O13*P13) -> 1.8 | R13: =OFFSET(Tasks!$C$1,Dashboard!$J13,Dashboard!R$3) -> Project 1
E14: Days Required | G14: =G11-G10 &" days" -> 62 days | J14: {=IFERROR(IF(FNAT_rng_Project="All Projects",ROW()-3,INDEX(ROW(FNAT_rng_Tasks),SMALL(IF(FNAT_rng_Tasks=FNAT_rng_Project,ROW(FNAT_rng_Tasks)-ROW(INDEX(FNAT_rng_Tasks,1,1))+1),ROW()-3))-1),0)} -> 11 | K14: =IF(J14=0,"",IF(AND($K$1<>"All Projects",$K$1<>R14),0,OFFSET(Tasks!$C$1,Dashboard!$J14,Dashboard!K$3))) -> Project 2 - Task 1 | L14: =IF(J14=0,"",OFFSET(Tasks!$C$1,Dashboard!$J14,Dashboard!L$3)) -> Person 1 | M14: =IF(J14=0,"",OFFSET(Tasks!$C$1,Dashboard!$J14,Dashboard!M$3)) -> 45663 | N14: =IF(J14=0,"",M14+O14-1) -> 45669 | O14: =IF(J14=0,"",OFFSET(Tasks!$C$1,Dashboard!$J14,Dashboard!O$3)) -> 7 | P14: =IF(J14=0,"",OFFSET(Tasks!$C$1,Dashboard!$J14,Dashboard!P$3)) -> 0.45 | Q14: =IF(J14=0,"",O14*P14) -> 3.15 | R14: =OFFSET(Tasks!$C$1,Dashboard!$J14,Dashboard!R$3) -> Project 2
G15: =VLOOKUP(Dashboard!K1,Projects!B4:G15,5,FALSE) &" man-days" -> 633 man-days | J15: {=IFERROR(IF(FNAT_rng_Project="All Projects",ROW()-3,INDEX(ROW(FNAT_rng_Tasks),SMALL(IF(FNAT_rng_Tasks=FNAT_rng_Project,ROW(FNAT_rng_Tasks)-ROW(INDEX(FNAT_rng_Tasks,1,1))+1),ROW()-3))-1),0)} -> 12 | K15: =IF(J15=0,"",IF(AND($K$1<>"All Projects",$K$1<>R15),0,OFFSET(Tasks!$C$1,Dashboard!$J15,Dashboard!K$3))) -> Project 2 - Task 2 | L15: =IF(J15=0,"",OFFSET(Tasks!$C$1,Dashboard!$J15,Dashboard!L$3)) -> Person 2 | M15: =IF(J15=0,"",OFFSET(Tasks!$C$1,Dashboard!$J15,Dashboard!M$3)) -> 45667 | N15: =IF(J15=0,"",M15+O15-1) -> 45675 | O15: =IF(J15=0,"",OFFSET(Tasks!$C$1,Dashboard!$J15,Dashboard!O$3)) -> 9 | P15: =IF(J15=0,"",OFFSET(Tasks!$C$1,Dashboard!$J15,Dashboard!P$3)) -> 1 | Q15: =IF(J15=0,"",O15*P15) -> 9 | R15: =OFFSET(Tasks!$C$1,Dashboard!$J15,Dashboard!R$3) -> Project 2
J16: {=IFERROR(IF(FNAT_rng_Project="All Projects",ROW()-3,INDEX(ROW(FNAT_rng_Tasks),SMALL(IF(FNAT_rng_Tasks=FNAT_rng_Project,ROW(FNAT_rng_Tasks)-ROW(INDEX(FNAT_rng_Tasks,1,1))+1),ROW()-3))-1),0)} -> 13 | K16: =IF(J16=0,"",IF(AND($K$1<>"All Projects",$K$1<>R16),0,OFFSET(Tasks!$C$1,Dashboard!$J16,Dashboard!K$3))) -> Project 2 - Task 3 | L16: =IF(J16=0,"",OFFSET(Tasks!$C$1,Dashboard!$J16,Dashboard!L$3)) -> Person 3 | M16: =IF(J16=0,"",OFFSET(Tasks!$C$1,Dashboard!$J16,Dashboard!M$3)) -> 45668 | N16: =IF(J16=0,"",M16+O16-1) -> 45675 | O16: =IF(J16=0,"",OFFSET(Tasks!$C$1,Dashboard!$J16,Dashboard!O$3)) -> 8 | P16: =IF(J16=0,"",OFFSET(Tasks!$C$1,Dashboard!$J16,Dashboard!P$3)) -> 0.5 | Q16: =IF(J16=0,"",O16*P16) -> 4 | R16: =OFFSET(Tasks!$C$1,Dashboard!$J16,Dashboard!R$3) -> Project 2
J17: {=IFERROR(IF(FNAT_rng_Project="All Projects",ROW()-3,INDEX(ROW(FNAT_rng_Tasks),SMALL(IF(FNAT_rng_Tasks=FNAT_rng_Project,ROW(FNAT_rng_Tasks)-ROW(INDEX(FNAT_rng_Tasks,1,1))+1),ROW()-3))-1),0)} -> 14 | K17: =IF(J17=0,"",IF(AND($K$1<>"All Projects",$K$1<>R17),0,OFFSET(Tasks!$C$1,Dashboard!$J17,Dashboard!K$3))) -> Project 2 - Task 4 | L17: =IF(J17=0,"",OFFSET(Tasks!$C$1,Dashboard!$J17,Dashboard!L$3)) -> Person 4 | M17: =IF(J17=0,"",OFFSET(Tasks!$C$1,Dashboard!$J17,Dashboard!M$3)) -> 45670 | N17: =IF(J17=0,"",M17+O17-1) -> 45676 | O17: =IF(J17=0,"",OFFSET(Tasks!$C$1,Dashboard!$J17,Dashboard!O$3)) -> 7 | P17: =IF(J17=0,"",OFFSET(Tasks!$C$1,Dashboard!$J17,Dashboard!P$3)) -> 0.6 | Q17: =IF(J17=0,"",O17*P17) -> 4.2 | R17: =OFFSET(Tasks!$C$1,Dashboard!$J17,Dashboard!R$3) -> Project 2
E18: TOTAL TASKS | F18: =COUNTA(Table1[Task]) -> 80 | G18: =COUNTA(Table1[Task]) -> 80 | J18: {=IFERROR(IF(FNAT_rng_Project="All Projects",ROW()-3,INDEX(ROW(FNAT_rng_Tasks),SMALL(IF(FNAT_rng_Tasks=FNAT_rng_Project,ROW(FNAT_rng_Tasks)-ROW(INDEX(FNAT_rng_Tasks,1,1))+1),ROW()-3))-1),0)} -> 15 | K18: =IF(J18=0,"",IF(AND($K$1<>"All Projects",$K$1<>R18),0,OFFSET(Tasks!$C$1,Dashboard!$J18,Dashboard!K$3))) -> Project 2 - Task 5 | L18: =IF(J18=0,"",OFFSET(Tasks!$C$1,Dashboard!$J18,Dashboard!L$3)) -> Person 5 | M18: =IF(J18=0,"",OFFSET(Tasks!$C$1,Dashboard!$J18,Dashboard!M$3)) -> 45671 | N18: =IF(J18=0,"",M18+O18-1) -> 45674 | O18: =IF(J18=0,"",OFFSET(Tasks!$C$1,Dashboard!$J18,Dashboard!O$3)) -> 4 | P18: =IF(J18=0,"",OFFSET(Tasks!$C$1,Dashboard!$J18,Dashboard!P$3)) -> 0.7 | Q18: =IF(J18=0,"",O18*P18) -> 2.8 | R18: =OFFSET(Tasks!$C$1,Dashboard!$J18,Dashboard!R$3) -> Project 2
E19: Not Started(0%) | F19: =COUNTIF(Table1[Progress],"=0") -> 3 | G19: =COUNTIF(Table1[Progress],"=0") -> 3 | J19: {=IFERROR(IF(FNAT_rng_Project="All Projects",ROW()-3,INDEX(ROW(FNAT_rng_Tasks),SMALL(IF(FNAT_rng_Tasks=FNAT_rng_Project,ROW(FNAT_rng_Tasks)-ROW(INDEX(FNAT_rng_Tasks,1,1))+1),ROW()-3))-1),0)} -> 16 | K19: =IF(J19=0,"",IF(AND($K$1<>"All Projects",$K$1<>R19),0,OFFSET(Tasks!$C$1,Dashboard!$J19,Dashboard!K$3))) -> Project 2 - Task 6 | L19: =IF(J19=0,"",OFFSET(Tasks!$C$1,Dashboard!$J19,Dashboard!L$3)) -> Person 1 | M19: =IF(J19=0,"",OFFSET(Tasks!$C$1,Dashboard!$J19,Dashboard!M$3)) -> 45671 | N19: =IF(J19=0,"",M19+O19-1) -> 45676 | O19: =IF(J19=0,"",OFFSET(Tasks!$C$1,Dashboard!$J19,Dashboard!O$3)) -> 6 | P19: =IF(J19=0,"",OFFSET(Tasks!$C$1,Dashboard!$J19,Dashboard!P$3)) -> 0.55 | Q19: =IF(J19=0,"",O19*P19) -> 3.3 | R19: =OFFSET(Tasks!$C$1,Dashboard!$J19,Dashboard!R$3) -> Project 2
E20: Inprogress(1-99%) | F20: =COUNTIFS(Table1[Progress],">0",Table1[Progress],"<1") -> 73 | G20: =COUNTIFS(Table1[Progress],">0",Table1[Progress],"<1") -> 73 | J20: {=IFERROR(IF(FNAT_rng_Project="All Projects",ROW()-3,INDEX(ROW(FNAT_rng_Tasks),SMALL(IF(FNAT_rng_Tasks=FNAT_rng_Project,ROW(FNAT_rng_Tasks)-ROW(INDEX(FNAT_rng_Tasks,1,1))+1),ROW()-3))-1),0)} -> 17 | K20: =IF(J20=0,"",IF(AND($K$1<>"All Projects",$K$1<>R20),0,OFFSET(Tasks!$C$1,Dashboard!$J20,Dashboard!K$3))) -> Project 2 - Task 7 | L20: =IF(J20=0,"",OFFSET(Tasks!$C$1,Dashboard!$J20,Dashboard!L$3)) -> Person 2 | M20: =IF(J20=0,"",OFFSET(Tasks!$C$1,Dashboard!$J20,Dashboard!M$3)) -> 45674 | N20: =IF(J20=0,"",M20+O20-1) -> 45679 | O20: =IF(J20=0,"",OFFSET(Tasks!$C$1,Dashboard!$J20,Dashboard!O$3)) -> 6 | P20: =IF(J20=0,"",OFFSET(Tasks!$C$1,Dashboard!$J20,Dashboard!P$3)) -> 0.75 | Q20: =IF(J20=0,"",O20*P20) -> 4.5 | R20: =OFFSET(Tasks!$C$1,Dashboard!$J20,Dashboard!R$3) -> Project 2
E21: 1-25% | F21: =COUNTIFS(Table1[Progress],">0",Table1[Progress],"<=.25") -> 23 | G21: =COUNTIFS(Table1[Progress],">0",Table1[Progress],"<=.25") -> 23 | J21: {=IFERROR(IF(FNAT_rng_Project="All Projects",ROW()-3,INDEX(ROW(FNAT_rng_Tasks),SMALL(IF(FNAT_rng_Tasks=FNAT_rng_Project,ROW(FNAT_rng_Tasks)-ROW(INDEX(FNAT_rng_Tasks,1,1))+1),ROW()-3))-1),0)} -> 18 | K21: =IF(J21=0,"",IF(AND($K$1<>"All Projects",$K$1<>R21),0,OFFSET(Tasks!$C$1,Dashboard!$J21,Dashboard!K$3))) -> Project 2 - Task 8 | L21: =IF(J21=0,"",OFFSET(Tasks!$C$1,Dashboard!$J21,Dashboard!L$3)) -> Person 3 | M21: =IF(J21=0,"",OFFSET(Tasks!$C$1,Dashboard!$J21,Dashboard!M$3)) -> 45675 | N21: =IF(J21=0,"",M21+O21-1) -> 45678 | O21: =IF(J21=0,"",OFFSET(Tasks!$C$1,Dashboard!$J21,Dashboard!O$3)) -> 4 | P21: =IF(J21=0,"",OFFSET(Tasks!$C$1,Dashboard!$J21,Dashboard!P$3)) -> 0 | Q21: =IF(J21=0,"",O21*P21) -> 0 | R21: =OFFSET(Tasks!$C$1,Dashboard!$J21,Dashboard!R$3) -> Project 2
E22: 26-50% | F22: =COUNTIFS(Table1[Progress],">.25",Table1[Progress],"<=.5") -> 18 | G22: =COUNTIFS(Table1[Progress],">.25",Table1[Progress],"<=.5") -> 18 | J22: {=IFERROR(IF(FNAT_rng_Project="All Projects",ROW()-3,INDEX(ROW(FNAT_rng_Tasks),SMALL(IF(FNAT_rng_Tasks=FNAT_rng_Project,ROW(FNAT_rng_Tasks)-ROW(INDEX(FNAT_rng_Tasks,1,1))+1),ROW()-3))-1),0)} -> 19 | K22: =IF(J22=0,"",IF(AND($K$1<>"All Projects",$K$1<>R22),0,OFFSET(Tasks!$C$1,Dashboard!$J22,Dashboard!K$3))) -> Project 2 - Task 9 | L22: =IF(J22=0,"",OFFSET(Tasks!$C$1,Dashboard!$J22,Dashboard!L$3)) -> Person 4 | M22: =IF(J22=0,"",OFFSET(Tasks!$C$1,Dashboard!$J22,Dashboard!M$3)) -> 45677 | N22: =IF(J22=0,"",M22+O22-1) -> 45683 | O22: =IF(J22=0,"",OFFSET(Tasks!$C$1,Dashboard!$J22,Dashboard!O$3)) -> 7 | P22: =IF(J22=0,"",OFFSET(Tasks!$C$1,Dashboard!$J22,Dashboard!P$3)) -> 0.1 | Q22: =IF(J22=0,"",O22*P22) -> 0.7 | R22: =OFFSET(Tasks!$C$1,Dashboard!$J22,Dashboard!R$3) -> Project 2
E23: 51-75% | F23: =COUNTIFS(Table1[Progress],">.5",Table1[Progress],"<=.75") -> 17 | G23: =COUNTIFS(Table1[Progress],">.5",Table1[Progress],"<=.75") -> 17 | J23: {=IFERROR(IF(FNAT_rng_Project="All Projects",ROW()-3,INDEX(ROW(FNAT_rng_Tasks),SMALL(IF(FNAT_rng_Tasks=FNAT_rng_Project,ROW(FNAT_rng_Tasks)-ROW(INDEX(FNAT_rng_Tasks,1,1))+1),ROW()-3))-1),0)} -> 20 | K23: =IF(J23=0,"",IF(AND($K$1<>"All Projects",$K$1<>R23),0,OFFSET(Tasks!$C$1,Dashboard!$J23,Dashboard!K$3))) -> Project 2 - Task 10 | L23: =IF(J23=0,"",OFFSET(Tasks!$C$1,Dashboard!$J23,Dashboard!L$3)) -> Person 5 | M23: =IF(J23=0,"",OFFSET(Tasks!$C$1,Dashboard!$J23,Dashboard!M$3)) -> 45666 | N23: =IF(J23=0,"",M23+O23-1) -> 45668 | O23: =IF(J23=0,"",OFFSET(Tasks!$C$1,Dashboard!$J23,Dashboard!O$3)) -> 3 | P23: =IF(J23=0,"",OFFSET(Tasks!$C$1,Dashboard!$J23,Dashboard!P$3)) -> 0.85 | Q23: =IF(J23=0,"",O23*P23) -> 2.55 | R23: =OFFSET(Tasks!$C$1,Dashboard!$J23,Dashboard!R$3) -> Project 2
E24: 76-99% | F24: =COUNTIFS(Table1[Progress],">.75",Table1[Progress],"<1") -> 15 | G24: =COUNTIFS(Table1[Progress],">.75",Table1[Progress],"<1") -> 15 | J24: {=IFERROR(IF(FNAT_rng_Project="All Projects",ROW()-3,INDEX(ROW(FNAT_rng_Tasks),SMALL(IF(FNAT_rng_Tasks=FNAT_rng_Project,ROW(FNAT_rng_Tasks)-ROW(INDEX(FNAT_rng_Tasks,1,1))+1),ROW()-3))-1),0)} -> 21 | K24: =IF(J24=0,"",IF(AND($K$1<>"All Projects",$K$1<>R24),0,OFFSET(Tasks!$C$1,Dashboard!$J24,Dashboard!K$3))) -> Project 3 - Task 2 | L24: =IF(J24=0,"",OFFSET(Tasks!$C$1,Dashboard!$J24,Dashboard!L$3)) -> Person 1 | M24: =IF(J24=0,"",OFFSET(Tasks!$C$1,Dashboard!$J24,Dashboard!M$3)) -> 45662 | N24: =IF(J24=0,"",M24+O24-1) -> 45671 | O24: =IF(J24=0,"",OFFSET(Tasks!$C$1,Dashboard!$J24,Dashboard!O$3)) -> 10 | P24: =IF(J24=0,"",OFFSET(Tasks!$C$1,Dashboard!$J24,Dashboard!P$3)) -> 0.9 | Q24: =IF(J24=0,"",O24*P24) -> 9 | R24: =OFFSET(Tasks!$C$1,Dashboard!$J24,Dashboard!R$3) -> Project 3
E25: Completed(100%) | F25: =COUNTIF(Table1[Progress],"=1") -> 4 | G25: =COUNTIF(Table1[Progress],"=1") -> 4 | J25: {=IFERROR(IF(FNAT_rng_Project="All Projects",ROW()-3,INDEX(ROW(FNAT_rng_Tasks),SMALL(IF(FNAT_rng_Tasks=FNAT_rng_Project,ROW(FNAT_rng_Tasks)-ROW(INDEX(FNAT_rng_Tasks,1,1))+1),ROW()-3))-1),0)} -> 22 | K25: =IF(J25=0,"",IF(AND($K$1<>"All Projects",$K$1<>R25),0,OFFSET(Tasks!$C$1,Dashboard!$J25,Dashboard!K$3))) -> Project 3 - Task 3 | L25: =IF(J25=0,"",OFFSET(Tasks!$C$1,Dashboard!$J25,Dashboard!L$3)) -> Person 2 | M25: =IF(J25=0,"",OFFSET(Tasks!$C$1,Dashboard!$J25,Dashboard!M$3)) -> 45671 | N25: =IF(J25=0,"",M25+O25-1) -> 45675 | O25: =IF(J25=0,"",OFFSET(Tasks!$C$1,Dashboard!$J25,Dashboard!O$3)) -> 5 | P25: =IF(J25=0,"",OFFSET(Tasks!$C$1,Dashboard!$J25,Dashboard!P$3)) -> 0.85 | Q25: =IF(J25=0,"",O25*P25) -> 4.25 | R25: =OFFSET(Tasks!$C$1,Dashboard!$J25,Dashboard!R$3) -> Project 3
J26: {=IFERROR(IF(FNAT_rng_Project="All Projects",ROW()-3,INDEX(ROW(FNAT_rng_Tasks),SMALL(IF(FNAT_rng_Tasks=FNAT_rng_Project,ROW(FNAT_rng_Tasks)-ROW(INDEX(FNAT_rng_Tasks,1,1))+1),ROW()-3))-1),0)} -> 23 | K26: =IF(J26=0,"",IF(AND($K$1<>"All Projects",$K$1<>R26),0,OFFSET(Tasks!$C$1,Dashboard!$J26,Dashboard!K$3))) -> Project 3 - Task 4 | L26: =IF(J26=0,"",OFFSET(Tasks!$C$1,Dashboard!$J26,Dashboard!L$3)) -> Person 3 | M26: =IF(J26=0,"",OFFSET(Tasks!$C$1,Dashboard!$J26,Dashboard!M$3)) -> 45673 | N26: =IF(J26=0,"",M26+O26-1) -> 45679 | O26: =IF(J26=0,"",OFFSET(Tasks!$C$1,Dashboard!$J26,Dashboard!O$3)) -> 7 | P26: =IF(J26=0,"",OFFSET(Tasks!$C$1,Dashboard!$J26,Dashboard!P$3)) -> 0.7 | Q26: =IF(J26=0,"",O26*P26) -> 4.9 | R26: =OFFSET(Tasks!$C$1,Dashboard!$J26,Dashboard!R$3) -> Project 3
J27: {=IFERROR(IF(FNAT_rng_Project="All Projects",ROW()-3,INDEX(ROW(FNAT_rng_Tasks),SMALL(IF(FNAT_rng_Tasks=FNAT_rng_Project,ROW(FNAT_rng_Tasks)-ROW(INDEX(FNAT_rng_Tasks,1,1))+1),ROW()-3))-1),0)} -> 24 | K27: =IF(J27=0,"",IF(AND($K$1<>"All Projects",$K$1<>R27),0,OFFSET(Tasks!$C$1,Dashboard!$J27,Dashboard!K$3))) -> Project 3 - Task 5 | L27: =IF(J27=0,"",OFFSET(Tasks!$C$1,Dashboard!$J27,Dashboard!L$3)) -> Person 4 | M27: =IF(J27=0,"",OFFSET(Tasks!$C$1,Dashboard!$J27,Dashboard!M$3)) -> 45676 | N27: =IF(J27=0,"",M27+O27-1) -> 45682 | O27: =IF(J27=0,"",OFFSET(Tasks!$C$1,Dashboard!$J27,Dashboard!O$3)) -> 7 | P27: =IF(J27=0,"",OFFSET(Tasks!$C$1,Dashboard!$J27,Dashboard!P$3)) -> 0.25 | Q27: =IF(J27=0,"",O27*P27) -> 1.75 | R27: =OFFSET(Tasks!$C$1,Dashboard!$J27,Dashboard!R$3) -> Project 3
C28: Project Management Template By Excelx.com | Powered by Analysistabs® | G28: Developer by: PNRao | J28: {=IFERROR(IF(FNAT_rng_Project="All Projects",ROW()-3,INDEX(ROW(FNAT_rng_Tasks),SMALL(IF(FNAT_rng_Tasks=FNAT_rng_Project,ROW(FNAT_rng_Tasks)-ROW(INDEX(FNAT_rng_Tasks,1,1))+1),ROW()-3))-1),0)} -> 25 | K28: =IF(J28=0,"",IF(AND($K$1<>"All Projects",$K$1<>R28),0,OFFSET(Tasks!$C$1,Dashboard!$J28,Dashboard!K$3))) -> Project 3 - Task 6 | L28: =IF(J28=0,"",OFFSET(Tasks!$C$1,Dashboard!$J28,Dashboard!L$3)) -> Person 5 | M28: =IF(J28=0,"",OFFSET(Tasks!$C$1,Dashboard!$J28,Dashboard!M$3)) -> 45678 | N28: =IF(J28=0,"",M28+O28-1) -> 45680 | O28: =IF(J28=0,"",OFFSET(Tasks!$C$1,Dashboard!$J28,Dashboard!O$3)) -> 3 | P28: =IF(J28=0,"",OFFSET(Tasks!$C$1,Dashboard!$J28,Dashboard!P$3)) -> 1 | Q28: =IF(J28=0,"",O28*P28) -> 3 | R28: =OFFSET(Tasks!$C$1,Dashboard!$J28,Dashboard!R$3) -> Project 3
A30: Please let us know your feedback. 📧 Email: info@analysistabs.com | E30: ℹ️ This is a free template that you can use to plan a small project with up to 25 tasks. 👉 Check out our premium templates for managing multiple projects and accessing more features.

Sheet Projects
B1: Project Management
B4: Projects | C4: Tasks | D4: Start | E4: End | F4: Days | G4: %Progress | H4: Remaining
B5: All Projects | C5: =COUNTA(Table1[Project]) -> 80 | D5: =MIN(Table1[Start Date]) -> 45662 | E5: =MAX(Table1[Start Date])+MAX(Table1[Days Required]) -> 45724 | F5: =SUM(Table1[Days Required]) -> 633 | G5: =AVERAGE(Tasks!G:G) -> 0.488125 | H5: =IFERROR(1-G5,"") -> 0.511875
B6: Project 1 | C6: =COUNTIF(Table1[Project],B6) -> 10 | D6: {=MIN(IF(Table1[Project]=B6,Table1[Start Date]))} -> 45666 | E6: {=MAX(IF(Table1[Project]=B6,Table1[Start Date]))+MAX(IF(Table1[Project]=B6,Table1[Days Required]))} -> 45716 | F6: =SUMIF(Table1[Project],Projects!B6,Table1[Days Required]) -> 168 | G6: =AVERAGEIF(Table1[Project],Projects!B6,Table1[Progress]) -> 0.495 | H6: =IFERROR(1-G6,"") -> 0.505
B7: Project 2 | C7: =COUNTIF(Table1[Project],B7) -> 10 | D7: {=MIN(IF(Table1[Project]=B7,Table1[Start Date]))} -> 45663 | E7: {=MAX(IF(Table1[Project]=B7,Table1[Start Date]))+MAX(IF(Table1[Project]=B7,Table1[Days Required]))} -> 45686 | F7: =SUMIF(Table1[Project],Projects!B7,Table1[Days Required]) -> 61 | G7: =AVERAGEIF(Table1[Project],Projects!B7,Table1[Progress]) -> 0.55 | H7: =IFERROR(1-G7,"") -> 0.45
B8: Project 3 | C8: =COUNTIF(Table1[Project],B8) -> 5 | D8: {=MIN(IF(Table1[Project]=B8,Table1[Start Date]))} -> 45662 | E8: {=MAX(IF(Table1[Project]=B8,Table1[Start Date]))+MAX(IF(Table1[Project]=B8,Table1[Days Required]))} -> 45688 | F8: =SUMIF(Table1[Project],Projects!B8,Table1[Days Required]) -> 32 | G8: =AVERAGEIF(Table1[Project],Projects!B8,Table1[Progress]) -> 0.74 | H8: =IFERROR(1-G8,"") -> 0.26
B9: Project 4 | C9: =COUNTIF(Table1[Project],B9) -> 7 | D9: {=MIN(IF(Table1[Project]=B9,Table1[Start Date]))} -> 45666 | E9: {=MAX(IF(Table1[Project]=B9,Table1[Start Date]))+MAX(IF(Table1[Project]=B9,Table1[Days Required]))} -> 45691 | F9: =SUMIF(Table1[Project],Projects!B9,Table1[Days Required]) -> 51 | G9: =AVERAGEIF(Table1[Project],Projects!B9,Table1[Progress]) -> 0.23571429 | H9: =IFERROR(1-G9,"") -> 0.76428571
B10: Project 5 | C10: =COUNTIF(Table1[Project],B10) -> 8 | D10: {=MIN(IF(Table1[Project]=B10,Table1[Start Date]))} -> 45669 | E10: {=MAX(IF(Table1[Project]=B10,Table1[Start Date]))+MAX(IF(Table1[Project]=B10,Table1[Days Required]))} -> 45690 | F10: =SUMIF(Table1[Project],Projects!B10,Table1[Days Required]) -> 55 | G10: =AVERAGEIF(Table1[Project],Projects!B10,Table1[Progress]) -> 0.675 | H10: =IFERROR(1-G10,"") -> 0.325
B11: Project 6 | C11: =COUNTIF(Table1[Project],B11) -> 8 | D11: {=MIN(IF(Table1[Project]=B11,Table1[Start Date]))} -> 45666 | E11: {=MAX(IF(Table1[Project]=B11,Table1[Start Date]))+MAX(IF(Table1[Project]=B11,Table1[Days Required]))} -> 45682 | F11: =SUMIF(Table1[Project],Projects!B11,Table1[Days Required]) -> 52 | G11: =AVERAGEIF(Table1[Project],Projects!B11,Table1[Progress]) -> 0.5 | H11: =IFERROR(1-G11,"") -> 0.5
B12: Project 7 | C12: =COUNTIF(Table1[Project],B12) -> 9 | D12: {=MIN(IF(Table1[Project]=B12,Table1[Start Date]))} -> 45663 | E12: {=MAX(IF(Table1[Project]=B12,Table1[Start Date]))+MAX(IF(Table1[Project]=B12,Table1[Days Required]))} -> 45683 | F12: =SUMIF(Table1[Project],Projects!B12,Table1[Days Required]) -> 62 | G12: =AVERAGEIF(Table1[Project],Projects!B12,Table1[Progress]) -> 0.41111111 | H12: =IFERROR(1-G12,"") -> 0.58888889
B13: Project 8 | C13: =COUNTIF(Table1[Project],B13) -> 11 | D13: {=MIN(IF(Table1[Project]=B13,Table1[Start Date]))} -> 45662 | E13: {=MAX(IF(Table1[Project]=B13,Table1[Start Date]))+MAX(IF(Table1[Project]=B13,Table1[Days Required]))} -> 45691 | F13: =SUMIF(Table1[Project],Projects!B13,Table1[Days Required]) -> 69 | G13: =AVERAGEIF(Table1[Project],Projects!B13,Table1[Progress]) -> 0.41818182 | H13: =IFERROR(1-G13,"") -> 0.58181818
B14: Project 9 | C14: =COUNTIF(Table1[Project],B14) -> 4 | D14: {=MIN(IF(Table1[Project]=B14,Table1[Start Date]))} -> 45669 | E14: {=MAX(IF(Table1[Project]=B14,Table1[Start Date]))+MAX(IF(Table1[Project]=B14,Table1[Days Required]))} -> 45685 | F14: =SUMIF(Table1[Project],Projects!B14,Table1[Days Required]) -> 28 | G14: =AVERAGEIF(Table1[Project],Projects!B14,Table1[Progress]) -> 0.575 | H14: =IFERROR(1-G14,"") -> 0.425
B15: Project 10 | C15: =COUNTIF(Table1[Project],B15) -> 8 | D15: {=MIN(IF(Table1[Project]=B15,Table1[Start Date]))} -> 45669 | E15: {=MAX(IF(Table1[Project]=B15,Table1[Start Date]))+MAX(IF(Table1[Project]=B15,Table1[Days Required]))} -> 45690 | F15: =SUMIF(Table1[Project],Projects!B15,Table1[Days Required]) -> 55 | G15: =AVERAGEIF(Table1[Project],Projects!B15,Table1[Progress]) -> 0.40625 | H15: =IFERROR(1-G15,"") -> 0.59375
B18: ℹ️ This is a free template that you can use to plan a small project with up to 25 tasks. 👉 Check out our premium templates for managing multiple projects and accessing more features.

Sheet Tasks
B1: Project | C1: Task | D1: Responsible | E1: Start Date | F1: Days Required | G1: Progress
B2: Project 1 | C2: Project 1 - Task 1 | D2: Person 1 | E2: 45666 | F2: 20 | G2: 1
B3: Project 1 | C3: Project 3 - Task 1 | D3: Person 2 | E3: 45667 | F3: 6 | G3: 0.4
B4: Project 1 | C4: Project 1 - Task 2 | D4: Person 3 | E4: 45668 | F4: 10 | G4: 0.45
B5: Project 1 | C5: Project 1 - Task 3 | D5: Person 4 | E5: 45671 | F5: 9 | G5: 0.85
B6: Project 1 | C6: Project 1 - Task 4 | D6: Person 5 | E6: 45667 | F6: 30 | G6: 0.45
B7: Project 1 | C7: Project 1 - Task 5 | D7: Person 1 | E7: 45670 | F7: 12 | G7: 0.8
B8: Project 1 | C8: Project 1 - Task 6 | D8: Person 2 | E8: 45670 | F8: 43 | G8: 0.1
B9: Project 1 | C9: Project 1 - Task 7 | D9: Person 3 | E9: 45672 | F9: 23 | G9: 0.5
B10: Project 1 | C10: Project 1 - Task 8 | D10: Person 4 | E10: 45672 | F10: 9 | G10: 0.1
B11: Project 1 | C11: Project 1 - Task 9 | D11: Person 5 | E11: 45673 | F11: 6 | G11: 0.3
B12: Project 2 | C12: Project 2 - Task 1 | D12: Person 1 | E12: 45663 | F12: 7 | G12: 0.45
B13: Project 2 | C13: Project 2 - Task 2 | D13: Person 2 | E13: 45667 | F13: 9 | G13: 1
... B81: Project 10 | C81: Project 10 - Task 8 | D81: Person 5 | E81: 45672 | F81: 3 | G81: 0.85

Sheet Advanced Project Plan Template
